INSERT INTO picture(id, name, reference) VALUES (1, 'Бурлаки идущие вброд', 'https://www.tretyakovgallery.ru/collection/burlaki-idushchie-vbrod/');
INSERT INTO picture(id, name, reference) VALUES (2, 'Явление Христа народу', 'https://www.tretyakovgallery.ru/collection/yavlenie-khrista-narodu-yavlenie-messii/');
INSERT INTO picture(id, name, reference) VALUES (3, 'Эрминия у пастухов', 'https://www.tretyakovgallery.ru/collection/erminiya-u-pastukhov/');
INSERT INTO picture(id, name) VALUES (4, 'Фрукты');
INSERT INTO picture(id, name, reference) VALUES (5, 'Натюрморт', 'https://www.tretyakovgallery.ru/collection/natyurmort/');
INSERT INTO picture(id, name, reference) VALUES (6, 'Неравный брак', 'https://www.tretyakovgallery.ru/collection/neravnyy-brak/');
INSERT INTO picture(id, name, reference) VALUES (7, 'Охотники на привале', 'https://www.tretyakovgallery.ru/collection/okhotniki-na-privale/');
INSERT INTO picture(id, name, reference) VALUES (8, 'Демон сидящий', 'https://www.tretyakovgallery.ru/collection/demon-sidyashchiy/');
INSERT INTO picture(id, name) VALUES (9, 'Не ждали');
INSERT INTO picture(id, name, reference) VALUES (10, 'Девочка с персиками', 'https://www.tretyakovgallery.ru/collection/devochka-s-persikami/');
INSERT INTO picture(id, name, reference) VALUES (11, 'Гитарист', 'https://www.tretyakovgallery.ru/collection/gitarist/');
INSERT INTO picture(id, name, reference) VALUES (12, 'Всадница', 'https://www.tretyakovgallery.ru/collection/vsadnitsa-portret-vospitannits-grafini-yu-p-samoylovoy-dzhovanniny-i-amatsilii/');
INSERT INTO picture(id, name, reference) VALUES (13, 'Всюду жизнь', 'https://www.tretyakovgallery.ru/collection/vsyudu-zhizn/');
INSERT INTO picture(id, name, reference) VALUES (14, 'Утро в сосновом лесу', 'https://www.tretyakovgallery.ru/collection/utro-v-sosnovom-lesu/');
INSERT INTO picture(id, name, reference) VALUES (15, 'Пантелеймон-целитель', 'https://www.tretyakovgallery.ru/collection/panteleymon-tselitel/');
INSERT INTO picture(id, name, reference) VALUES (16, 'Царевна-лебедь', 'https://www.tretyakovgallery.ru/collection/tsarevna-lebed/');
INSERT INTO picture(id, name) VALUES (17, 'Отдых');
INSERT INTO picture(id, name, reference) VALUES (18, 'Портрет Л. Н. Толстого', 'https://www.tretyakovgallery.ru/collection/portret-pisatelya-grafa-lva-nikolaevicha-tolstogo/');
INSERT INTO picture(id, name, reference) VALUES (19, 'Великий князь Павел Александрович', 'https://www.tretyakovgallery.ru/collection/portret-velikogo-knyazya-pavla-aleksandrovicha/');
INSERT INTO picture(id, name) VALUES (20, 'Приам испрашивающий у ахиллеса тело Гектора');
INSERT INTO picture(id, name, reference) VALUES (21, 'Вид Леандровой башни в Константинополе', 'https://www.tretyakovgallery.ru/collection/vid-leandrovoy-bashni-v-konstantinopole/');
INSERT INTO picture(id, name, reference) VALUES (22, 'Всадник-воин в Джайпуре', 'https://www.tretyakovgallery.ru/collection/vsadnik-voin-v-dzhaypure/');
INSERT INTO picture(id, name, reference) VALUES (23, 'Запорожцы пишут письмо турецкому султану', 'https://www.tretyakovgallery.ru/collection/zaporozhtsy-pishut-pismo-turetskomu-sultanu/');

INSERT INTO standard_question(id, text) VALUES (1, 'Когда родился автор (например, век или год)?');
INSERT INTO standard_question(id, text) VALUES (2, 'В каком временном периоде жил автор (например, век или год)?');
INSERT INTO standard_question(id, text) VALUES (3, 'Где родился автор (например, страна или город)?');
INSERT INTO standard_question(id, text) VALUES (4, 'Когда умер автор (например, век или год)?');
INSERT INTO standard_question(id, text) VALUES (5, 'Где умер автор (например, страна или город)?');
INSERT INTO standard_question(id, text) VALUES (6, 'Какие еще картины написаны автором?');
INSERT INTO standard_question(id, text) VALUES (7, 'Какова философия автора?');
INSERT INTO standard_question(id, text) VALUES (8, 'В каком стиле пишет автор?');
INSERT INTO standard_question(id, text) VALUES (9, 'Насколько известен/популярен автор?');
INSERT INTO standard_question(id, text) VALUES (10, 'Был(-а) ли у автора возлюбленный(-ая) или муза?');
INSERT INTO standard_question(id, text) VALUES (11, 'В чем смысл картины?');
INSERT INTO standard_question(id, text) VALUES (12, 'Что изображено на картине?');
INSERT INTO standard_question(id, text) VALUES (13, 'В каком стиле выполнена картина?');
INSERT INTO standard_question(id, text) VALUES (14, 'Картина выглядит старой/современной. Интересно, когда она была написана (например, век или год)?');
INSERT INTO standard_question(id, text) VALUES (15, 'Интересный сюжет. Где картина была написана (например, страна или город)?');
INSERT INTO standard_question(id, text) VALUES (16, 'Есть ли похожие картины?');
INSERT INTO standard_question(id, text) VALUES (17, 'Мне кажется, эта картина достаточно (не) популярна. Я прав?');
INSERT INTO standard_question(id, text) VALUES (18, 'Хотелось бы знать, существуют ли какие-то интересные факты из жизни автора?');
INSERT INTO standard_question(id, text) VALUES (19, 'Хотелось бы знать, существуют ли какие-то интересные факты о картине?');

INSERT INTO answer(picture_id, standard_question_id, text) VALUES (8, 1, 'Врубель родился 5 (17) марта 1856 г.');
INSERT INTO answer(picture_id, standard_question_id, text) VALUES (8, 2, 'Михаил Александрович Врубель - русский художник рубежа XIX-XX вв.');
INSERT INTO answer(picture_id, standard_question_id, text) VALUES (8, 3, 'Врубель родился в Омске');
INSERT INTO answer(picture_id, standard_question_id, text) VALUES (8, 4, 'Врубель умер 1/14 апреля 1910 г. Ему было 54 года');
INSERT INTO answer(picture_id, standard_question_id, text) VALUES (8, 5, 'Автор умер и был похоронен в Санкт-Петербурге');
INSERT INTO answer(picture_id, standard_question_id, text) VALUES (8, 6, 'Богоматерь с младенцем (1885)');
INSERT INTO answer(picture_id, standard_question_id, text) VALUES (8, 6, 'Девочка на фоне персидского ковра (1886)');
INSERT INTO answer(picture_id, standard_question_id, text) VALUES (8, 6, 'Принцесса Грёза (1896)');
INSERT INTO answer(picture_id, standard_question_id, text) VALUES (8, 6, 'Демон и Тамара (1891)');
INSERT INTO answer(picture_id, standard_question_id, text) VALUES (8, 6, 'Богоматерь с младенцем (1885)');
INSERT INTO answer(picture_id, standard_question_id, text) VALUES (8, 6, 'Тамара и Демон (1890-1891)');
INSERT INTO answer(picture_id, standard_question_id, text) VALUES (8, 6, 'Демон летящий (1899)');
INSERT INTO answer(picture_id, standard_question_id, text) VALUES (8, 6, 'Демон поверженный (1902)');
INSERT INTO answer(picture_id, standard_question_id, text) VALUES (8, 6, 'Царевна-лебедь (1900)');
INSERT INTO answer(picture_id, standard_question_id, text) VALUES (8, 6, 'Пан (1899)');
INSERT INTO answer(picture_id, standard_question_id, text) VALUES (8, 7, 'Ещё в студенческие годы Михаил Врубель систиматически и глубоко занимался философией и увлёкся теорией эстетики Канта, хотя в то время собственно художеством занимался мало. Младший коллега и почитатель Врубеля, С.Яремич полагал, что Врубель извлёк из философии Канта "ясность расчленения жизни физической от жизни моральной", что с течением времени привело к разделению этих сфер в реальной жизни. Михаил Александрович демонстрировал "мягкость, уступчивость, застенчивость в житейских мелочах дня и железное упорство в деле общего высшего направления жизни".');
INSERT INTO answer(picture_id, standard_question_id, text) VALUES (8, 8, 'Картины Врубеля преисполнены символизма. Согласно В.А. Леняшину, Михаил Александрович смог реализовать символизм как стройную эстетическую и философскую систему в изобразительном искусстве.');
INSERT INTO answer(picture_id, standard_question_id, text) VALUES (8, 9, 'В 1880-1890-е годы творческие искания Врубеля не находили поддержки Академии художеств и критиков искусства, однако его постоянным заказчиком сделался С. И. Мамонтов. «Своим» сделали Врубеля художники и критики, объединившиеся позднее вокруг журнала «Мир искусства», его работы стали постоянно выставлять на экспозициях мирискусников и дягилевских ретроспективах, и в начале ХХ века живопись Врубеля стала органической частью русского модерна. «За известность на художественном поприще» 28 ноября 1905 года ему было присуждено звание академика живописи - как раз к моменту полного прекращения художественной активности.');
INSERT INTO answer(picture_id, standard_question_id, text) VALUES (8, 10, 'С 1897 г. Врубель был женат на известной певице Н. И. Забеле, портреты которой неоднократно писал');
INSERT INTO answer(picture_id, standard_question_id, text) VALUES (8, 11, 'Демон - образ силы человеческого духа, внутренней борьбы, сомнений.');
INSERT INTO answer(picture_id, standard_question_id, text) VALUES (8, 12, 'Трагически сцепив руки, Демон сидит с печальными, направленными вдаль огромными глазами, в окружении невиданных цветов. Фоном картины является горная местность в алом закате. Композиция подчёркивает стеснённость фигуры демоны. ');
INSERT INTO answer(picture_id, standard_question_id, text) VALUES (8, 13, 'Картина написана в индивидуальном стиле Врубеля с эффектом кристаллических граней, что делает его картины более похожими на витражи или панно. Такого эффекта художник добился с помощью плоских мазков, выполненных мастихином.');
INSERT INTO answer(picture_id, standard_question_id, text) VALUES (8, 14, '"Демон сидящий" был написан Врубелем в 1890 г.');
INSERT INTO answer(picture_id, standard_question_id, text) VALUES (8, 15, 'Врубель написал свою картину "Демон сидящий" в Москве в домме Саввы Мамонтова, русского предпринимателя и мецената');
INSERT INTO answer(picture_id, standard_question_id, text) VALUES (8, 16, 'Да! В 1891 г. Михаил Врубель написал тридцать иллюстраций к юбилейному изданию сочинений М. Ю. Лермонтова под редакцией П. П. Кончаловского. Большая часть работ относилась к поэме Лермонтова "Демон". В 1899 г. художник написал картину "Демон летящий", где демон изображеен как могучий властелин мира. В 1901-1902 гг. Врубель дописал свою последнюю работу - "Демон поверженный", в которой герой находится на грани гибели');
INSERT INTO answer(picture_id, standard_question_id, text) VALUES (8, 17, 'Картина "Демон сидящий" некоторое время находилась в коллекции В. О. Гиршмана, русского предпринимателя и мецената. В 1917 г. она поступила в музей. Безусловно, картина известна многим, отчасти благодаря ее связи с произведением М. Ю. Лермонтова');
INSERT INTO answer(picture_id, standard_question_id, text) VALUES (8, 18, 'Фамилия Врубель - польского происхождения (польск. wróbel - воробей), её носители не принадлежали к числу знати');
INSERT INTO answer(picture_id, standard_question_id, text) VALUES (8, 18, 'Михаил Врубель был достаточно слабым ребёнком - он начал ходить только в три года');
INSERT INTO answer(picture_id, standard_question_id, text) VALUES (8, 18, 'После окончания гимназии с золотой медалью ни сам Врубель, ни его родители не помышляли о карьере художника. Было решено отправить его в Петербургский университет для обучения на юридическом факультете, расходы на проживание и пропитание брал на себя Н. Х. Вессель, на квартире которого Врубелю предстояло жить');
INSERT INTO answer(picture_id, standard_question_id, text) VALUES (8, 18, 'М. Врубель не защитил заключительную конкурсную работу и окончил университет в звании действительного студента');
INSERT INTO answer(picture_id, standard_question_id, text) VALUES (8, 18, 'В университетские годы он делал иллюстрации к литературным произведениям — классическим и современным. По определению Н. А. Дмитриевой — «в целом… творчество Врубеля насквозь „литературно“: у него редки произведения, не имеющие литературного или театрального источника»');
INSERT INTO answer(picture_id, standard_question_id, text) VALUES (8, 18, 'С осени 1880 года Врубель стал вольнослушателем Академии и, по-видимому, сразу стал частным образом заниматься в мастерской П. П. Чистякова, регулярные занятия с ним, однако, документируются с 1882 г. Учениками П. П. Чистякова были очень разные художники: И. Е. Репин, В. И. Суриков, В. Д. Поленов, В. М. Васнецов и В. А. Серов. Все они - так же, как и Врубель - признавали его единственным своим учителем, почитая до конца своих дней. Это было непонятно следующему поколению художников, крайне скептически относившихся к академической системе выучки.');
INSERT INTO answer(picture_id, standard_question_id, text) VALUES (8, 18, 'Михаилу Врубелю так и не удалось официально закончить Академии, несмотря на сопутствовавший ему формальный успех: композиция «Обручение Марии с Иосифом» удостоилась весной 1883 г. второй серебряной медали Академии. Осенью 1883 г. профессор А. В. Прахов по рекомендации П. П. Чистякова пригласил Врубеля в Киев для работы над реставрацией Кирилловской церкви XII века. Предложение было лестным и сулило хороший заработок, художник согласился ехать после окончания учебного года');
INSERT INTO answer(picture_id, standard_question_id, text) VALUES (8, 18, 'А. В. Прахов пригласил Врубеля практически случайно: ему требовался квалифицированный для церковных работ живописец с академической выучкой, но при этом недостаточно известный, чтобы обременять сметы работ его гонораром. Судя по письмам родным, контракт с Праховым изначально был рассчитан на написание четырёх икон в срок 76 дней с оплатой в 300 рублей за каждые 24 дня работы');
INSERT INTO answer(picture_id, standard_question_id, text) VALUES (8, 18, 'По воспоминаниям, Врубель киевской весной 1884 г. переживал бурную влюблённость в жену покровителя - Э. Л. Прахову. Её лицо изображено на иконе «Богоматерь c Младенцем», сохранились и многочисленные наброски. Романа возникнуть не могло, но 27-летний художник сделал Эмилию Львовну объектом некоего романтического культа, который поначалу забавлял А. В. Прахова. После переезда Врубеля на дачу Праховых, однако, его привязанность стала раздражать обоих. Выходом стала командировка художника в Италию - в Равенну и Венецию, для изучения сохранившихся там памятников позднеримского и византийского искусства');
INSERT INTO answer(picture_id, standard_question_id, text) VALUES (8, 18, 'Вернувшись из Венеции, весь май и большую часть июня 1885 г. Врубель провёл в Киеве. Ходили слухи, что он немедленно по прибытию сделал предложение Э. Праховой, невзирая на её положение матери семейства, причём, по одной из версий, он объявил о своём намерении жениться на ней даже не самой Эмилии Львовне, а мужу - Адриану Викторовичу. По-видимому, к этому периоду относится инцидент, описанный год спустя подружившимся с Врубелем Константином Коровиным: «Было лето. Жарко. Мы пошли купаться на большой пруд в саду. <…> «Что это у вас на груди белые большие полосы, как шрамы?» - «Да, это шрамы. Я резал себя ножом». <…> «…А всё-таки скажите, Михаил Александрович, что же это такое вы себя резали-то ножом - ведь это должно быть больно. Что это - операция, что ль, как это?» Я посмотрел поближе - да, это были большие белые шрамы, их было много. «Поймёте ли вы, - сказал Михаил Александрович. - Значит, что я любил женщину, она меня не любила - даже любила, но многое мешало её пониманию меня. Я страдал в невозможности объяснить ей это мешающее. Я страдал, но когда резал себя, страдания уменьшались»');
INSERT INTO answer(picture_id, standard_question_id, text) VALUES (8, 18, 'А. В. Прахов однажды заметил, что для росписей Врубеля надо было бы и храм построить «в совершенно особом стиле»');
INSERT INTO answer(picture_id, standard_question_id, text) VALUES (8, 18, 'Душевный кризис художника проявился в следующей истории: явившись однажды к Прахову, где уже собралась компания художников, занятых в росписи собора, Врубель заявил, что скончался его отец, и ему срочно нужно в Харьков. Художники собрали ему денег на дорогу. На следующий день к Прахову прибыл А. М. Врубель. Прахов объяснил ему внезапный отъезд увлечением Михаила некой певицей-англичанкой из кафешантана');
INSERT INTO answer(picture_id, standard_question_id, text) VALUES (8, 18, 'Переезд Врубеля в Москву произошёл случайно, как и многое в его жизни. Вероятнее всего, он приехал в столицу из-за увлечения цирковой наездницей - в мир цирка его ввёл брат И. Ясинского, выступавший под псевдонимом Александр Земгано. В результате Врубель поселился в мастерской К. Коровина на Долгоруковской улице[59]. Возникла даже идея работать втроём - Врубелю, Коровину и В. Серову, - однако отношения с последним не сложились. К. Коровин в результате познакомил Михаила Александровича с предпринимателем и известным меценатом Саввой Мамонтовым. В декабре художник переехал в его дом на Садовой-Спасской улице (ныне дом № 6, строение 2), приглашённый, по выражению В. Домитеевой, «не без внимания к его гувернёрским навыкам». Отношения, впрочем, не всегда были безоблачными: супруга С. Мамонтова совершенно не переносила Врубеля и открыто называла его «богохульником и пьяницей». Вскоре художник переехал на съёмную квартиру.');
INSERT INTO answer(picture_id, standard_question_id, text) VALUES (8, 18, '20 июля 1890 года в Абрамцеве скончался 22-летний А. Мамонтов, проститься с которым поехал друживший с ним Врубель. Художник так и остался в Абрамцеве, где страстно увлёкся керамикой и вскоре с гордостью писал Анне Врубель, что стал руководить «заводом изразцовых и терракотовых декораций»');
INSERT INTO answer(picture_id, standard_question_id, text) VALUES (8, 18, 'Зимой 1892 года Врубель задумал участвовать в Парижском салоне, из чего вырос замысел картины «Снегурочка» (не сохранилась). Е. Г. Мамонтова так вспоминала об этой работе: «Заходили к Врубелю, сделал акварелью голову Снегурочки в натуральную величину на фоне сосны, покрытой снегом. Красиво по краскам, но лицо с флюсом и сердитыми глазами. Оригинально, что ему нужно было приехать в Рим для того, чтобы писать русскую зиму»');
INSERT INTO answer(picture_id, standard_question_id, text) VALUES (8, 18, 'Заботу о похоронах Врубеля взяла на себя Е. Ге, сестра Н. Забелы, жены Врубеля, она же распорядилась снять посмертную маску. 3 апреля состоялись похороны на кладбище Воскресенского Новодевичьего монастыря в Санкт-Петербурге. Единственную речь произнёс Александр Блок, назвав художника «вестником иных миров». А. Блок над могилой Врубеля сказал: «Он оставил нам своих Демонов, как заклинателей против лилового зла, против ночи. Перед тем, что Врубель и ему подобные приоткрывают человечеству раз в столетие, я умею лишь трепетать. Тех миров, которые видели они, мы не видим»');
INSERT INTO answer(picture_id, standard_question_id, text) VALUES (8, 19, 'Интересна, в первую очередь, история создания картины «Демон сидящий». Многие связывают ее с поэмой М. Ю. Лермонтова «Демон» и они правы. М. Врубель нарисовал около 30 иллюстраций к юбилейному изданию сочинений поэта, среди которых - тот самый Демон. Сейчас эта картина находится в Третьяковской галерее, будоражит мысли не одного поколения людей');
INSERT INTO answer(picture_id, standard_question_id, text) VALUES (8, 19, 'Первая параллель, которая приходит в голову всем, кто хоть однажды видел «Демона сидящего» - трагедия Эсхила «Прометей прикованный» - изображенный на картине молодой человек кажется несвободным в собственном теле и жаждет выбраться из него, да вот только не знает как');
INSERT INTO answer(picture_id, standard_question_id, text) VALUES (8, 19, 'Если вы вспомните картины и иконы, которые изображали Бога, Иисуса и Деву Марию, то обратите внимание на то, что в их одеждах преобладают синие цвета или они изображены на фоне голубого неба. Одеяние Демона, на картине, – насыщенного синего цвета, который еще называют цветом «марокканской ночи». Не хотел ли Врубель сказать то, чего не смог сказать Лермонтов, а именно, что Демон все-таки заслужит прощение и вернется на небеса?');
INSERT INTO answer(picture_id, standard_question_id, text) VALUES (8, 19, 'Во все времена именно в такой позе сидел человек, которого изображали задумчивым, печальным и грустным. Позже «позу демона» стали использовать и другие художники, ведь она передает скорбь, всеохватывающую и непреодолимую. Руки его сомкнуты «в замок» - психологи говорят, что так ведут себя замкнутые люди или те, кому есть что скрывать. Эти конечности у Демона не подняты, не уперты в бока, они просто безвольно опущены – он устал от скитаний. Четко прописывает художник развитую мускулатуру молодого человека, его взгляд, развевающиеся черные волосы');
INSERT INTO answer(picture_id, standard_question_id, text) VALUES (8, 19, 'Примечательно, что ясно прорисована сама фигура Демона и цветотени вечернего неба - от фиолетового до пурпурного, с вкраплениями золотого солнца, освещающего горизонт, на заднем плане. Остальная композиция картины имеет некий диссонанс - мазки грубые и расплывчатые, мозаичные и плоские');
INSERT INTO answer(picture_id, standard_question_id, text) VALUES (8, 19, 'Цветы, изображенные на картине, чем-то похожи на кристаллы, в них нет жизни. Многие критики говорят, что это - мертвые анемоны');
INSERT INTO answer(picture_id, standard_question_id, text) VALUES (8, 19, 'Если посмотреть на «Демона сидящего» с дальнего расстояния, то возникает ощущение, что это не картина, а витраж или панно. Для достижения такого эффекта художник работал мастихином, кропотливо подчищая его ножом');
INSERT INTO answer(picture_id, standard_question_id, text) VALUES (8, 19, 'В цветовой гамме картины преобладают темные тона. Небо кровавого цвета, причем лишь оно одно имеет плавные переходы. Все остальные границы - четкие, конкретизированные. Ряд цветов «черный - красный - голубой» говорит о некой опасности, ведь само слово «демон» заставляет настораживаться многих. Демонов считают беспощадными, а врубелевский герой изображен светлыми оттенками пастели с подчеркнуто темными линиями, его одежды насыщенного оттенка, - так художник демонстрирует двойственность героя');
INSERT INTO answer(picture_id, standard_question_id, text) VALUES (8, 19, 'Размеры холста, на котором изображен Демон, нестандартны для того времени - картина продолговатая, неудобная и тесная. На самом деле, это один из художественных приемов Врубеля - все должно подчеркивать внешнюю и внутреннюю скованность героя, и передавать то самое лермонтовское «ни день, ни ночь, ни мрак, ни свет»');
INSERT INTO answer(picture_id, standard_question_id, text) VALUES (8, 19, 'После того, как открылась выставка, приуроченная к юбилею творчества М. Лермонтова, М. Врубель закрылся в своей мастерской и продолжал работать над картинами о демонах. Живописец утверждал, что Демон изменялся не только под мазками его кисти, но и являлся ему вживую. Что ж, художник боролся с падшим и изгнанным ангелом, и неизвестно, кто вышел из этой войны победителем');

INSERT INTO answer(picture_id, standard_question_id, text) VALUES (16, 1, 'Врубель родился 5 (17) марта 1856 г.');
INSERT INTO answer(picture_id, standard_question_id, text) VALUES (16, 2, 'Михаил Александрович Врубель - русский художник рубежа XIX-XX вв.');
INSERT INTO answer(picture_id, standard_question_id, text) VALUES (16, 3, 'Врубель родился в Омске');
INSERT INTO answer(picture_id, standard_question_id, text) VALUES (16, 4, 'Врубель умер 1/14 апреля 1910 г. Ему было 54 года');
INSERT INTO answer(picture_id, standard_question_id, text) VALUES (16, 5, 'Автор умер и был похоронен в Санкт-Петербурге');
INSERT INTO answer(picture_id, standard_question_id, text) VALUES (16, 6, 'Богоматерь с младенцем (1885)');
INSERT INTO answer(picture_id, standard_question_id, text) VALUES (16, 6, 'Девочка на фоне персидского ковра (1886)');
INSERT INTO answer(picture_id, standard_question_id, text) VALUES (16, 6, 'Принцесса Грёза (1896)');
INSERT INTO answer(picture_id, standard_question_id, text) VALUES (16, 6, 'Демон и Тамара (1891)');
INSERT INTO answer(picture_id, standard_question_id, text) VALUES (16, 6, 'Богоматерь с младенцем (1885)');
INSERT INTO answer(picture_id, standard_question_id, text) VALUES (16, 6, 'Тамара и Демон (1890-1891)');
INSERT INTO answer(picture_id, standard_question_id, text) VALUES (16, 6, 'Демон летящий (1899)');
INSERT INTO answer(picture_id, standard_question_id, text) VALUES (16, 6, 'Демон поверженный (1902)');
INSERT INTO answer(picture_id, standard_question_id, text) VALUES (16, 6, 'Царевна-лебедь (1900)');
INSERT INTO answer(picture_id, standard_question_id, text) VALUES (16, 6, 'Пан (1899)');
INSERT INTO answer(picture_id, standard_question_id, text) VALUES (16, 7, 'Ещё в студенческие годы Михаил Врубель систиматически и глубоко занимался философией и увлёкся теорией эстетики Канта, хотя в то время собственно художеством занимался мало. Младший коллега и почитатель Врубеля, С.Яремич полагал, что Врубель извлёк из философии Канта "ясность расчленения жизни физической от жизни моральной", что с течением времени привело к разделению этих сфер в реальной жизни. Михаил Александрович демонстрировал "мягкость, уступчивость, застенчивость в житейских мелочах дня и железное упорство в деле общего высшего направления жизни".');
INSERT INTO answer(picture_id, standard_question_id, text) VALUES (16, 8, 'Картины Врубеля преисполнены символизма. Согласно В.А. Леняшину, Михаил Александрович смог реализовать символизм как стройную эстетическую и философскую систему в изобразительном искусстве.');
INSERT INTO answer(picture_id, standard_question_id, text) VALUES (16, 9, 'В 1880-1890-е годы творческие искания Врубеля не находили поддержки Академии художеств и критиков искусства, однако его постоянным заказчиком сделался С. И. Мамонтов. «Своим» сделали Врубеля художники и критики, объединившиеся позднее вокруг журнала «Мир искусства», его работы стали постоянно выставлять на экспозициях мирискусников и дягилевских ретроспективах, и в начале ХХ века живопись Врубеля стала органической частью русского модерна. «За известность на художественном поприще» 28 ноября 1905 года ему было присуждено звание академика живописи - как раз к моменту полного прекращения художественной активности.');
INSERT INTO answer(picture_id, standard_question_id, text) VALUES (16, 10, 'С 1897 г. Врубель был женат на известной певице Н. И. Забеле, портреты которой неоднократно писал');
INSERT INTO answer(picture_id, standard_question_id, text) VALUES (16, 11, 'Данная картина - не портрет костюмированной артистки, это чарующий миф о высшей красоте, о тайне её проявления в мире. В эстетике символизма лебедь олицетворяет вдохновение, которое может и возвысить душу, и привести её к познанию тёмных, таинственных сторон жизни. Автор наделяет свой образ демоническими чертами. Царевна-лебедь - существо двойственной природы, она олицетворяет две стихии - тёмную, холодную водную и одновременно устремлённую ввысь воздушную, небесную. Художник пытается уловить момент превращения девы в птицу, чудесную метаморфозу форм, словно тающих в последних лучах заката. Он передаёт ускользающее движение уходящей царевны. Изображение кажется бесплотным призрачным видением');
INSERT INTO answer(picture_id, standard_question_id, text) VALUES (16, 12, '"Царевна-лебедь" - картина Врубеля, посвящённая персонажу оперы Н. А. Римского-Корсакова "Сказка о царе Салтане" (по одноимённой сказке Пушкина)');
INSERT INTO answer(picture_id, standard_question_id, text) VALUES (16, 13, '"Царевна-лебедь" выполнена в стиле символизма');
INSERT INTO answer(picture_id, standard_question_id, text) VALUES (16, 14, 'Картина была написана Врубелем в 1900 г.');
INSERT INTO answer(picture_id, standard_question_id, text) VALUES (16, 15, 'Художник написал картину на хуторе своих родственников, семейства художников Николая Ге близ станции Плиски в Черниговской губернии');
INSERT INTO answer(picture_id, standard_question_id, text) VALUES (16, 16, 'Пан (1899), Богатырь (1899)');
INSERT INTO answer(picture_id, standard_question_id, text) VALUES (16, 17, 'Александр Блок очень любил эту картину и всегда держал её репродукцию в кабинете в Шахматове. Ею навеяно большое стихотворение с подзаголовком "Врубелю"');
INSERT INTO answer(picture_id, standard_question_id, text) VALUES (16, 18, 'Фамилия Врубель - польского происхождения (польск. wróbel - воробей), её носители не принадлежали к числу знати');
INSERT INTO answer(picture_id, standard_question_id, text) VALUES (16, 18, 'Михаил Врубель был достаточно слабым ребёнком - он начал ходить только в три года');
INSERT INTO answer(picture_id, standard_question_id, text) VALUES (16, 18, 'После окончания гимназии с золотой медалью ни сам Врубель, ни его родители не помышляли о карьере художника. Было решено отправить его в Петербургский университет для обучения на юридическом факультете, расходы на проживание и пропитание брал на себя Н. Х. Вессель, на квартире которого Врубелю предстояло жить');
INSERT INTO answer(picture_id, standard_question_id, text) VALUES (16, 18, 'В 1876 г. Врубель остался на втором курсе ещё на один год, аргументируя это в письме отцу необходимостью упрочить познания и повысить оценки');
INSERT INTO answer(picture_id, standard_question_id, text) VALUES (16, 18, 'М. Врубель не защитил заключительную конкурсную работу и окончил университет в звании действительного студента');
INSERT INTO answer(picture_id, standard_question_id, text) VALUES (16, 18, 'В университетские годы он делал иллюстрации к литературным произведениям — классическим и современным. По определению Н. А. Дмитриевой — «в целом… творчество Врубеля насквозь „литературно“: у него редки произведения, не имеющие литературного или театрального источника»');
INSERT INTO answer(picture_id, standard_question_id, text) VALUES (16, 18, 'Благодаря превосходному знанию латыни, Врубель почти на половину десятилетия обосновался в семействе сахарозаводчиков Папмелей, став репетитором собственного сокурсника по университету. По воспоминаниям А. И. Иванова:«У Папмелей Врубель жил, как родной: зимою ездил с ними в оперу, летом переселялся со всеми на дачу в Петергоф. Папмели ни в чём себе не отказывали, и всё у них было не похоже на строгий и скромный уклад в семье самого Врубеля; дом был полной чашей, даже в излишне буквальном смысле, и именно у Папмелей обнаружилась во Врубеле впервые склонность к вину, в котором здесь никогда не было недостатка»Именно семья Папмелей, склонная к эстетству и богемной жизни, стала поощрять художественные занятия Врубеля и его дендизм');
INSERT INTO answer(picture_id, standard_question_id, text) VALUES (16, 18, 'С осени 1880 года Врубель стал вольнослушателем Академии и, по-видимому, сразу стал частным образом заниматься в мастерской П. П. Чистякова, регулярные занятия с ним, однако, документируются с 1882 г. Учениками П. П. Чистякова были очень разные художники: И. Е. Репин, В. И. Суриков, В. Д. Поленов, В. М. Васнецов и В. А. Серов. Все они - так же, как и Врубель - признавали его единственным своим учителем, почитая до конца своих дней. Это было непонятно следующему поколению художников, крайне скептически относившихся к академической системе выучки.');
INSERT INTO answer(picture_id, standard_question_id, text) VALUES (16, 18, 'Михаилу Врубелю так и не удалось официально закончить Академии, несмотря на сопутствовавший ему формальный успех: композиция «Обручение Марии с Иосифом» удостоилась весной 1883 г. второй серебряной медали Академии. Осенью 1883 г. профессор А. В. Прахов по рекомендации П. П. Чистякова пригласил Врубеля в Киев для работы над реставрацией Кирилловской церкви XII века. Предложение было лестным и сулило хороший заработок, художник согласился ехать после окончания учебного года');
INSERT INTO answer(picture_id, standard_question_id, text) VALUES (16, 18, 'А. В. Прахов пригласил Врубеля практически случайно: ему требовался квалифицированный для церковных работ живописец с академической выучкой, но при этом недостаточно известный, чтобы обременять сметы работ его гонораром. Судя по письмам родным, контракт с Праховым изначально был рассчитан на написание четырёх икон в срок 76 дней с оплатой в 300 рублей за каждые 24 дня работы');
INSERT INTO answer(picture_id, standard_question_id, text) VALUES (16, 18, 'По воспоминаниям, Врубель киевской весной 1884 г. переживал бурную влюблённость в жену покровителя - Э. Л. Прахову. Её лицо изображено на иконе «Богоматерь c Младенцем», сохранились и многочисленные наброски. Романа возникнуть не могло, но 27-летний художник сделал Эмилию Львовну объектом некоего романтического культа, который поначалу забавлял А. В. Прахова. После переезда Врубеля на дачу Праховых, однако, его привязанность стала раздражать обоих. Выходом стала командировка художника в Италию - в Равенну и Венецию, для изучения сохранившихся там памятников позднеримского и византийского искусства');
INSERT INTO answer(picture_id, standard_question_id, text) VALUES (16, 18, 'А. В. Прахов однажды заметил, что для росписей Врубеля надо было бы и храм построить «в совершенно особом стиле»');
INSERT INTO answer(picture_id, standard_question_id, text) VALUES (16, 18, '20 июля 1890 года в Абрамцеве скончался 22-летний А. Мамонтов, проститься с которым поехал друживший с ним Врубель. Художник так и остался в Абрамцеве, где страстно увлёкся керамикой и вскоре с гордостью писал Анне Врубель, что стал руководить «заводом изразцовых и терракотовых декораций»');
INSERT INTO answer(picture_id, standard_question_id, text) VALUES (16, 18, 'Врубель сделал предложение руки и сердца Н. Забеле едва ли не в день знакомства. Впоследствии он говорил сестре, что если бы она ему отказала, он бы немедленно покончил с собой');
INSERT INTO answer(picture_id, standard_question_id, text) VALUES (16, 18, 'В середине лета 1900 г. Врубели узнали о присуждении Михаилу Александровичу золотой медали (за камин «Вольга Святославич и Микула Селянинович») на Всемирной выставке в Париже. В тот год Гран-при получил В. Серов, а золотые медали - К. Коровин и Ф. Малявин');
INSERT INTO answer(picture_id, standard_question_id, text) VALUES (16, 18, 'Накануне смерти (1/14 апреля 1910 г.) Врубель привёл себя в порядок, вымылся с одеколоном и ночью сказал ухаживавшему за ним санитару: «Николай, довольно уже мне лежать здесь -— поедем в Академию». Действительно, на следующий день гроб был установлен в Академии художеств. В алфавите погребённых записали: «Скончался от прогрессивного паралича»');
INSERT INTO answer(picture_id, standard_question_id, text) VALUES (16, 19, 'Картину "Царевна-лебедь" часто описывают как созданную по следам оперной постановки, хотя холст был закончен весной, а репитиции оперы проходили осенью, премьера последовала 21 декабря 1900 г.');
INSERT INTO answer(picture_id, standard_question_id, text) VALUES (16, 19, 'Н. А. Дмитриева так характеризовала работу: "в ней звучит что-то тревожное, - недаром это была любимая картина Блока. В сгущающихся сумерках с багряной полосой заката царевна уплывает во тьму и только в последний раз обернулась, чтобы сделать свой странный предостерегающий жест. Эта птица с ликом девы едва ли станет послушной женой Гвидона, и благополучия не обещает её грустный прощальный взор. Она не похожа на Надежду Ивановну Забелу - совсем другое лицо, хотя Забела и исполняла эту роль в "Сказке о царе Салтане"');
INSERT INTO answer(picture_id, standard_question_id, text) VALUES (16, 19, 'Н. А. Прахов находил в лице Царевны-Лебедя сходство с сестрой Е. А. Праховой. Однако скорее всего художник создал собирательный образ, в котором преломились черты Э. Л. Праховой - былого объекта поклонения, и Н. И. Забелы, а может быть, и ещё чьи-то');

INSERT INTO answer(picture_id, standard_question_id, text) VALUES (2, 1, 'Александр Андреевич Иванов родился 16 (28) июля 1806 г.');
INSERT INTO answer(picture_id, standard_question_id, text) VALUES (2, 2, 'Иванов жил в XIX в., годы его жизни: 1806-1858 гг.');
INSERT INTO answer(picture_id, standard_question_id, text) VALUES (2, 3, 'А. А. Иванов родился в Санкт-Петербурге');
INSERT INTO answer(picture_id, standard_question_id, text) VALUES (2, 4, 'Художник умер 3 (15) июля 1858 г. в возрасте 51 г.');
INSERT INTO answer(picture_id, standard_question_id, text) VALUES (2, 5, 'Умер А. А. Иванов там же, где и родился, - в Санкт-Петербурге');
INSERT INTO answer(picture_id, standard_question_id, text) VALUES (2, 6, 'Ивановым также написаны "Аппиева дорога при закате солнца" (1845 г.), "Явление воскресшего Христа Марии Магдалене" (1836 г.), "Аполлон, Гиацинт и Кипарис, занимающиеся музыкой и пением" (1834 г.) и др.');
INSERT INTO answer(picture_id, standard_question_id, text) VALUES (2, 7, 'Для Иванова имело всеобщее историческое значение возникновение христианства, давшее свежие нравственные и духовные ценности, преобразившие человечество и человека в целом. Природа у Иванова - это обобщение разного образа мира в целое, где есть небо и горы, вода и камни, деревья');
INSERT INTO answer(picture_id, standard_question_id, text) VALUES (2, 8, 'Александр Андреевич Иванов является представителем академизма');
INSERT INTO answer(picture_id, standard_question_id, text) VALUES (2, 9, 'Иванов имеет большую известность. В частности, в 1834-1835 гг. им было написано "Явление воскресшего Христа Марии Магдалине" - эта картина имела большой успех как в Риме, так и в Санкт-Петербурге, где в 1836 г. художник удостоился звания академика');
INSERT INTO answer(picture_id, standard_question_id, text) VALUES (2, 10, 'Александр Иванов так и не женился. Хотя были сведения, что 1831 году в Италии он был увлечён Витторией Кальдони, которая предпочла Иванову его друга Григория Лапченко и вышла за последнего замуж. Около восьми лет (с 1836 года) художник жил с некоей Терезой, о чём есть упоминания в его переписке. В 1844 году он расстался с Терезой, которая трижды обворовывала его и устраивала сцены. В 1847 году Александр Иванов снова влюбляется, его любовью стала графиня Мария Апраксина. Но его любимую «Машеньку» отдали замуж за князя Мещерского');
INSERT INTO answer(picture_id, standard_question_id, text) VALUES (2, 11, 'Глубокий символизм и философский смысл картины «Явление Христа народу» были не сразу понятны широкой публике, сначала работа Иванова была принята достаточно холодно. Общество привыкло видеть в искусстве героизм в любой его форме, художником же были изображены реальные люди с реальными эмоциями, это был нонсенс. Такого в живописи еще не наблюдалось. Картина Иванова опередила время, поэтому по достоинству ее смогли оценить лишь потомки. В основе сюжета картины лежит библейский сюжет о первом появлении Христа в народе. Александр Андреевич считал этот момент наиболее важным, можно сказать, фундаментальным, в истории христианства.');
INSERT INTO answer(picture_id, standard_question_id, text) VALUES (2, 12, 'На картине изображен именно тот момент, когда Иоанн впервые узрел собственными глазами Иисуса Христа, приближающегося к нему. Каждый его жест, каждая черточка его лица буквально дышат одухотворением и волнением, вот он миг, когда пророк дождался своего Мессию!');
INSERT INTO answer(picture_id, standard_question_id, text) VALUES (2, 13, 'Картина выполнена в академическом стиле');
INSERT INTO answer(picture_id, standard_question_id, text) VALUES (2, 14, 'Картина была закончена в 1857 г., но сам процесс работы растянулся на 20 лет (1837-1857 гг.)');
INSERT INTO answer(picture_id, standard_question_id, text) VALUES (2, 15, 'Иванов писал картину в Италии. Весь пейзаж - это итальянские сады, пригороды, равнины, горы');
INSERT INTO answer(picture_id, standard_question_id, text) VALUES (2, 16, 'Замысел большого полотна, изображающего явление народу Мессии, долгое время увлекал Иванова. В 1834 г. он написал "Явление воскресшего Христа Марии Магдалине"');
INSERT INTO answer(picture_id, standard_question_id, text) VALUES (2, 17, '"Явление Христа народу" - великая картина, и велика она не только замыслом, но и размерами - картина является одной из самых больших в мире');
INSERT INTO answer(picture_id, standard_question_id, text) VALUES (2, 18, 'Во время обучения Александр Иванов был на хорошем счету, за картину «Приам испрашивает у Ахиллеса тело Гектора» (1824 г.) был награждён малой золотой медалью');
INSERT INTO answer(picture_id, standard_question_id, text) VALUES (2, 18, 'За картину «Иосиф, толкующий сны заключённым с ним в темнице виночерпию и хлебодару» (1827 г.) живописец получил большую золотую медаль и звание художника XIV класса');
INSERT INTO answer(picture_id, standard_question_id, text) VALUES (2, 19, 'Через несколько часов после смерти Иванова "Явление Христа народу" купил император Александр II за 15 тыс. руб. Император принёс полотно в дар Румянцевскому музею, который вскоре переехал из Санкт-Петербурга в Москву (в дом Пашкова). Для картины был построен специальный павильон"');
INSERT INTO answer(picture_id, standard_question_id, text) VALUES (2, 19, 'В Государственной Третьяковской галерее, куда работа была передана после расформирования Румянцевского музея в 1925 г., изначально не было зала для размещения столь большого полотна. Встал вопрос о помещении для него. В проект здания на Крымском Валу был, в частности, заложен зал для картины Иванова. Но всё же было решено пристроить зал к основному зданию в Лаврушинском переулке. В 1932 г. полотно заняло то место, где находится и сейчас');
INSERT INTO answer(picture_id, standard_question_id, text) VALUES (2, 19, 'Эскизы и этюды к картине хранятся в Государственной Третьяковской галерее и Государственном Русском музее');

INSERT INTO answer(picture_id, standard_question_id, text) VALUES (7, 1, 'Василий Григорьевич Перов родился 21 декабря 1833 г. (2 января 1834 г.');
INSERT INTO answer(picture_id, standard_question_id, text) VALUES (7, 2, 'В. Г. Перов жил в XIX в.');
INSERT INTO answer(picture_id, standard_question_id, text) VALUES (7, 3, 'Местом рождения Перова является Тобольск');
INSERT INTO answer(picture_id, standard_question_id, text) VALUES (7, 4, 'Умер Василий Григорьевич 29 мая (10 июня) 1882 г., в возрасте 48 лет');
INSERT INTO answer(picture_id, standard_question_id, text) VALUES (7, 5, 'Перов скончался от чахотки в маленькой подмосковной больнице на территории усадьбы Кузьминки (ныне территория Москвы). Был похоронен на монастырском кладбище в Донском монастере');
INSERT INTO answer(picture_id, standard_question_id, text) VALUES (7, 6, 'Перовым также написаны "Дворник, отдающий квартиру барыне" (1864-1865 гг.), "Дилетант" (1862 г.), "Портрет А. Н. Островского" (1871 г.)');
INSERT INTO answer(picture_id, standard_question_id, text) VALUES (7, 7, 'Ранние картины живописца Перова проникнуты анекдотически "обличительным" настроением, представляя собой живописные карикатуры, в том числе на духовенство; художник тщательно выписывал характеры персонажей своих картин и обстановку, стремясь к нравоучительному эффекту. Сатирическое настроение, однако же, с годами ослабевает, сменяясь драматической экспрессией либо добродушным юмором. В зрелые годы колорит Перова обрел новую, более острую, тональную выразительность');
INSERT INTO answer(picture_id, standard_question_id, text) VALUES (7, 8, 'Перов творил в стиле реализма');
INSERT INTO answer(picture_id, standard_question_id, text) VALUES (7, 9, 'Имя Василия Григорьевича Перова красуется в ряду крупнейших русских художников-реалистов второй половины XIX в. В. Г. Перов сотрудничал с журналом «Природа и Охота» Л. П. Сабанеева. Ряд его рассказов был опубликован в «Художественном журнале», издававшемся в 1881-1887 гг. писателем и критиком Н. А. Александровым (1841-1907 гг.). В СССР и России были выпущены почтовые марки и почтовый конверт, посвященные Перову. В 1882-1883 гг. была организована первая персональная посмертная выставка в Москве и Санкт-Петербурге. В 1934 г. в Третьяковской галерее и Русском музее были организованы выставки ко дню рождения Перова.');
INSERT INTO answer(picture_id, standard_question_id, text) VALUES (7, 10, 'Осенью 1862 г. Перов женился на Елене Эдмондовне Шейнс и в декабре, в качестве пансионера Академии художеств, уехал с ней за границу; посетив ряд городов Германии (Берлин, Дрезден, Дюссельдорф), он приехал в Париж. В 1872 г. Перов женился вторично - на Елизавете Егоровне Другановой');
INSERT INTO answer(picture_id, standard_question_id, text) VALUES (7, 11, 'Василий Григорьевич Перов был страстным охотником. Именно поэтому тема охоты была ему хорошо знакома. Не раз в своей жизни художник видел подобные сцены, потому, как сам был участником всяких веселых баек, пересудов и небывалых рассказах об охоте со своими товарищами охотниками после трудной но интересной охоты. Отобразить подобную сцену на холсте, показать разные характеры действующих лиц, без всяких обиняков, можно сказать даже так, тема близкая духу простого народа');
INSERT INTO answer(picture_id, standard_question_id, text) VALUES (7, 12, 'На картине изображены три охотника, которые ведут между собой разговор. Главной чертой картины являются психологические портреты героев: один из них (слева) — пожилой, опытный охотник, видимо, из оскудевших дворян с увлечением и страстью рассказывающий о своих охотничьих «подвигах», второй - средних лет, в русской крестьянской одежде, недоверчиво и с ухмылкой слушающий охотничьи байки своего собеседника, третий же - одетый «с иголочки» доверчивый молодой новичок, с трепетом выслушивающий россказни первого охотника, настолько заморочившими его, что он даже забывает зажечь папиросу в прав руке заготовленным в левой огоньком.');
INSERT INTO answer(picture_id, standard_question_id, text) VALUES (7, 13, 'Картина выполнена в стиле реализма');
INSERT INTO answer(picture_id, standard_question_id, text) VALUES (7, 14, '"Охотники на привале" была написана Василием Григорьевичем Перовым в 1871 г. и относится к позднему периоду творчества художника');
INSERT INTO answer(picture_id, standard_question_id, text) VALUES (7, 15, 'Данная информация отсутствует');
INSERT INTO answer(picture_id, standard_question_id, text) VALUES (7, 16, 'Василий Перов сам был страстным охотником, и тема охоты ему была хорошо знакома. В 1870-х гг. он создал так называемую «охотничью серию»: картины «Птицелов», «Рыболов», «Ботаник», «Голубятник», «Рыбная ловля». За «Птицелова» (1870) он получил звание профессора, а также место преподавателя в Московском училище живописи, ваяния и зодчества. Но самой яркой и узнаваемой в этом цикле безусловно стала картина «Охотники на привале»');
INSERT INTO answer(picture_id, standard_question_id, text) VALUES (7, 17, '"Охотники на привале" являются одной из самых ярких и узнаваемых картин В. Перова. В наши дни репродукции этой картины стали традиционным подарком для заядлых охотников. Полотно, написанное В. Перовым, в 1871 г., сейчас находится в Третьяковской галерее в Москве, а копия, созданная в 1877 г., – в Государственном Русском музее в Санкт-Петербурге');
INSERT INTO answer(picture_id, standard_question_id, text) VALUES (7, 18, 'Василий Григорьевич Перов был незаконнорождённым сыном губернского прокурора барона Георгия (Григория) Карловича Криденера и уроженки Тобольска А. И. Ивановой');
INSERT INTO answer(picture_id, standard_question_id, text) VALUES (7, 18, 'Несмотря на то, что вскоре после рождения мальчика его родители обвенчались, Василий не имел прав на фамилию и титул отца. В официальных документах долгое время указывалась фамилия «Васильев», данная по имени крёстного отца. Фамилия «Перов» возникла как прозвище, данное мальчику его учителем грамоты, заштатным дьячком, который этим прозвищем отметил своего ученика за усердие и умелое владение пером для письма');
INSERT INTO answer(picture_id, standard_question_id, text) VALUES (7, 18, 'Примерно в возрасте 8-9 лет Перов переболел оспой, вследствие чего приобрел слабое зрение, оставшееся с ним на всю жизнь');
INSERT INTO answer(picture_id, standard_question_id, text) VALUES (7, 18, 'Раньше, чем другим ученикам, Ступин, руководитель Арзамасской школы живописи, разрешил писать Перову масляными красками, отмечая: «Васенька не пропадёт - у него талант, из него выйдет художник». Школу, однако, он не закончил, как свидетельствуют некоторые источники, из-за конфликта с одним из учеников');
INSERT INTO answer(picture_id, standard_question_id, text) VALUES (7, 18, 'В 1860 г. Академия присудила Перову малую золотую медаль за картину «Первый чин. Сын дьячка, произведенный в коллежские регистраторы», которая утвердила художника как наследника сатирического жанра 1840-х гг.');
INSERT INTO answer(picture_id, standard_question_id, text) VALUES (7, 18, 'За картины «Тройка» и «Приезд гувернантки в купеческий дом» В. Г. Перову было присуждено звание академика. Картину «Тройка» приобрёл П. М. Третьяков');
INSERT INTO answer(picture_id, standard_question_id, text) VALUES (7, 18, 'В 1869 г. совместно с Мясоедовым, которому принадлежит идея создания Товарищества художественных передвижных выставок (ТПХВ), Перов организовал московскую группу передвижников; в течение семи лет он был членом правления. В 1870 г. он получил первую премию ОПХ за картину «Птицелов»; за картины «Странник» и «Птицелов» был удостоен Академией художеств звания профессор');
INSERT INTO answer(picture_id, standard_question_id, text) VALUES (7, 19, 'Полотно впервые экспонировалось на 1-й Передвижной выставке и сразу вызвало разноречивые отклики. Критик В. Стасов восхищался работой. М. Салтыков-Щедрин критиковал картину за отсутствие непосредственности и жизненной правды, за наигранность эмоций: «Как будто при показывании картины присутствует какой-то актер, которому роль предписывает говорить в сторону: вот этот лгун, а этот легковерный, приглашающий зрителя не верить лгуну охотнику и позабавиться над легковерием охотника новичка. Художественная правда должна говорить сама за себя, а не с помощью толкований».');
INSERT INTO answer(picture_id, standard_question_id, text) VALUES (7, 19, 'Прототипами охотников стали реальные люди, знакомые Василия Перова. В роли «враля», увлеченно рассказывающего небылицы, выступил врач Дмитрий Кувшинников, большой любитель ружейной охоты – тот самый, который послужил и прототипом доктора Дымова в «Попрыгунье» Чехова. Жена Кувшинникова Софья Петровна была хозяйкой литературно-художественного салона, в котором часто бывали В. Перов, И. Левитан, И. Репин, А. Чехов и другие знаменитые художники и писатели');
INSERT INTO answer(picture_id, standard_question_id, text) VALUES (7, 19, 'В образе иронично усмехающегося охотника Перов изобразил врача и художника-любителя Василия Бессонова, а прототипом для молодого охотника, наивно внимающего охотничьим байкам, послужил 26-летний Николай Нагорнов, будущий член московской городской управы. Это подтверждает в своих воспоминаниях и А. Володичева – дочь Нагорнова. В 1962 г. она написала искусствоведу В. Маштафарову: «Кувшинников Д. П. был одним из ближайших друзей моего отца. Они часто ездили на охоту по птице. У отца была собака, и поэтому собирались у нас: Дмитрий Павлович, Николай Михайлович и доктор Бессонов В. В.');

INSERT INTO answer(picture_id, standard_question_id, text) VALUES (14, 1, 'Иван Иванович Шишкин родился 13 (25) января 1832 г.');
INSERT INTO answer(picture_id, standard_question_id, text) VALUES (14, 2, 'И. И. Шишкин - русский художник-пейзажист, живописец, рисовальщик и гравёр-аквафортист, живший в XIX в.');
INSERT INTO answer(picture_id, standard_question_id, text) VALUES (14, 3, 'Иван Шишкин родился в Елабуге, Вятской губерии');
INSERT INTO answer(picture_id, standard_question_id, text) VALUES (14, 4, 'Художник умер 20 марта (1 апреля) 1898 г., в возрасте 66 лет, в Санкт-Петербурге');
INSERT INTO answer(picture_id, standard_question_id, text) VALUES (14, 5, 'Шишкин скоропостижно умер в Петербурге 20 марта (1 апреля) 1898 г., сидя за мольбертом, работая над новой картиной. Он был похоронен на Смоленском православном кладбище');
INSERT INTO answer(picture_id, standard_question_id, text) VALUES (14, 6, 'Шишкиным также написаны "Сторожка в лесу" (1870 г.), "Берёзовый лес" (1871 г.), "Рожь" (1878 г.) и др.');
INSERT INTO answer(picture_id, standard_question_id, text) VALUES (14, 7, 'В 1880-е годы Шишкин создаёт много картин, в сюжетах которых он по-прежнему обращается преимущественно к жизни русского леса, русских лугов и полей, впрочем, затрагивая и такие мотивы, как морское побережье Балтики. Основные черты его искусства сохраняются и теперь, но художник отнюдь не остаётся неподвижно на творческих позициях, выработанных к концу семидесятых годов. Такие полотна, как «Ручей в лесу (На косогоре)» (1880), «Заповедник. Сосновый бор» (1881), «Сосновый лес» (1885), «В сосновом лесу» (1887) и другие по характеру близки работам предшествующего десятилетия. Однако трактованы они с большей живописной свободой.');
INSERT INTO answer(picture_id, standard_question_id, text) VALUES (14, 8, 'Шишкин писал картины в реалистичном стиле');
INSERT INTO answer(picture_id, standard_question_id, text) VALUES (14, 9, 'Среди русских пейзажистов Шишкину, бесспорно, принадлежит место самого сильного рисовальщика. Во всех своих произведениях он является удивительным знатоком растительных форм, воспроизводящим их с тонким пониманием, как общего характера, так и мельчайших отличительных черт любой породы деревьев, кустов и трав. Брался ли он за изображение соснового или елового леса, отдельные сосны и ели,точно так же, как и их совокупность, получали у него свою истинную физиономию, без всяких прикрас или преуменьшений, тот вид и с теми частностями, которые вполне объясняются и обуславливаются почвой и климатом, где художник заставлял их расти.');
INSERT INTO answer(picture_id, standard_question_id, text) VALUES (14, 10, 'Первая жена (с 28.10.1868) Евгения Федосеевна Васильева (1847-1874 гг.). В этом браке у Шишкина было трое детей: сыновья Владимир (1871-1873 гг.) и Константин (1873-1875 гг.), дочь Лидия (1869-1931 гг.). Вторая жена Лагода-Шишкина, Ольга Антоновна (1850-1881 гг.) - художница-пейзажистка, ученица Шишкина. У них 21 июня 1881 г. родилась дочь Ксения, которую после смерти матери воспитала её сестра, В. А. Лагода');
INSERT INTO answer(picture_id, standard_question_id, text) VALUES (14, 11, 'Картина детально передает состояние природы, увиденное художником на острове Городомля');
INSERT INTO answer(picture_id, standard_question_id, text) VALUES (14, 12, 'Показан не глухой дремучий лес, а солнечный свет, пробивающийся сквозь колонны высоких деревьев. Чувствуется глубина оврагов, мощь вековых деревьев, солнечный свет как бы робко заглядывает в этот дремучий лес. Чувствуют приближение утра резвящиеся медвежата');
INSERT INTO answer(picture_id, standard_question_id, text) VALUES (14, 13, 'Картина выполнена в реалистичном стиле');
INSERT INTO answer(picture_id, standard_question_id, text) VALUES (14, 14, '"Утро в сосновом лесу" написано в 1899 г.');
INSERT INTO answer(picture_id, standard_question_id, text) VALUES (14, 15, 'Картина детально передает состояние природы, увиденное художником на острове Городомля. Находится в 4 километрах к северу от Осташкова, в Тверской области. Покрыт хвойными лесами. На острове есть внутреннее озеро Дивное (Внутреннее) с двумя маленькими островами');
INSERT INTO answer(picture_id, standard_question_id, text) VALUES (14, 16, 'Шишкин написал множество пейзажев, так или иначе схожих между собой, - "Берёзовый лес" (1871 г.), "Дождь в дубовом лесу" (1891 г.) и др.');
INSERT INTO answer(picture_id, standard_question_id, text) VALUES (14, 17, 'Картина пользуется большой популярностью благодаря композиционному включению в пейзажное полотно элементов анималистической сюжетности');
INSERT INTO answer(picture_id, standard_question_id, text) VALUES (14, 18, 'Шишкин происходил из древнего вятского рода Шишкиных, был сыном купца Ивана Васильевича Шишкина (1792-1872 гг.)');
INSERT INTO answer(picture_id, standard_question_id, text) VALUES (14, 18, 'Уже в первый год его пребывания в академии были присуждены ему две малые серебряные медали за классный рисунок и за вид в окрестностях Санкт-Петербурга. В 1858 г. он получил большую серебряную медаль за вид на Валааме, в 1859 г. — малую золотую медаль за пейзаж из окрестностей Санкт-Петербурга и, наконец, в 1860 г. — большую золотую медаль за два вида местности Кукко, на Валааме');
INSERT INTO answer(picture_id, standard_question_id, text) VALUES (14, 18, 'За границей, помимо живописи, он много занимался рисунками пером; произведения его в этом роде приводили в удивление иностранцев, и некоторые были помещены в Дюссельдорфском музее рядом с рисунками первоклассных европейских мастеров)');
INSERT INTO answer(picture_id, standard_question_id, text) VALUES (14, 18, 'В 1873 г. академия возвела его в звание профессора за приобретённую ею картину «Лесная глушь». После вступления в действие нового устава академии, в 1892 г. был приглашён руководить её учебной пейзажной мастерской, но по различным обстоятельствам исполнял эту должность недолго');
INSERT INTO answer(picture_id, standard_question_id, text) VALUES (14, 19, '«Утро в сосновом лесу» — картина русских художников Ивана Шишкина и Константина Савицкого. Савицкий написал медведей, но коллекционер Павел Третьяков стёр его подпись, так что автором картины часто указывается один Шишкин');
INSERT INTO answer(picture_id, standard_question_id, text) VALUES (14, 19, 'В описи галереи изначально (при жизни художников Шишкина и Савицкого) картина значилась под названием «Медвежье семейство в лесу» (и без указания фамилии Савицкого)');