INSERT INTO picture(id, name) VALUES (1, 'Бурлаки идущие вброд');
INSERT INTO picture(id, name) VALUES (2, 'Явление Христа народу');
INSERT INTO picture(id, name) VALUES (3, 'Эрминия у пастухов');
INSERT INTO picture(id, name) VALUES (4, 'Фрукты');
INSERT INTO picture(id, name) VALUES (5, 'Натюрморт');
INSERT INTO picture(id, name) VALUES (6, 'Неравный брак');
INSERT INTO picture(id, name) VALUES (7, 'Охотники на привале');
INSERT INTO picture(id, name, reference) VALUES (8, 'Демон сидящий', 'https://www.tretyakovgallery.ru/collection/demon-sidyashchiy/');
INSERT INTO picture(id, name) VALUES (9, 'Не ждали');
INSERT INTO picture(id, name) VALUES (10, 'Девочка с персиками');
INSERT INTO picture(id, name) VALUES (11, 'Гитарист');
INSERT INTO picture(id, name) VALUES (12, 'Всадница');
INSERT INTO picture(id, name) VALUES (13, 'Всюду жизнь');
INSERT INTO picture(id, name) VALUES (14, 'Утро в сосновом лесу');
INSERT INTO picture(id, name) VALUES (15, 'Пантелеймон-целитель');
INSERT INTO picture(id, name) VALUES (16, 'Царевна-лебедь');
INSERT INTO picture(id, name) VALUES (17, 'Отдых');
INSERT INTO picture(id, name) VALUES (18, 'Портрет Л. Н. Толстого');
INSERT INTO picture(id, name) VALUES (19, 'Великий князь Павел Александрович');
INSERT INTO picture(id, name) VALUES (20, 'Приам испрашивающий у ахиллеса тело Гектора');
INSERT INTO picture(id, name) VALUES (21, 'Вид Леандровой башни в Константинополе');
INSERT INTO picture(id, name) VALUES (22, 'Всадник-воин в Джайпуре');
INSERT INTO picture(id, name) VALUES (23, 'Запорожцы пишут письмо турецкому султану');

INSERT INTO standard_question(id, text) VALUES (1, 'Когда родился автор (например, век или год)?');
INSERT INTO standard_question(id, text) VALUES (2, 'В каком временном периоде жил автор (например, век или год)?');
INSERT INTO standard_question(id, text) VALUES (3, 'Где родился автор (например, страна или город)?');
INSERT INTO standard_question(id, text) VALUES (4, 'Когда умер автор (например, век или год)?');
INSERT INTO standard_question(id, text) VALUES (5, 'Где умер автор (например, страна или город)?');
INSERT INTO standard_question(id, text) VALUES (6, 'Какие еще картины написаны автором?');
INSERT INTO standard_question(id, text) VALUES (7, 'Какова философия автора?');
INSERT INTO standard_question(id, text) VALUES (8, 'В каком стиле пишет автор?');
INSERT INTO standard_question(id, text) VALUES (9, 'Насколько известен/популярен автор?');
INSERT INTO standard_question(id, text) VALUES (10, 'Был(-а) ли у автора возлюбленный(-ая) или муза?');
INSERT INTO standard_question(id, text) VALUES (11, 'В чем смысл картины?');
INSERT INTO standard_question(id, text) VALUES (12, 'Что изображено на картине?');
INSERT INTO standard_question(id, text) VALUES (13, 'В каком стиле выполнена картина?');
INSERT INTO standard_question(id, text) VALUES (14, 'Картина выглядит старой/современной. Интересно, когда она была написана (например, век или год)?');
INSERT INTO standard_question(id, text) VALUES (15, 'Интересный сюжет. Где картина была написана (например, страна или город)?');
INSERT INTO standard_question(id, text) VALUES (16, 'Есть ли похожие картины?');
INSERT INTO standard_question(id, text) VALUES (17, 'Мне кажется, эта картина достаточно (не) популярна. Я прав?');
INSERT INTO standard_question(id, text) VALUES (18, 'Хотелось бы знать, существуют ли какие-то интересные факты из жизни автора?');
INSERT INTO standard_question(id, text) VALUES (19, 'Хотелось бы знать, существуют ли какие-то интересные факты о картине?');

INSERT INTO answer(picture_id, standard_question_id, text) VALUES (8, 1, 'Врубель родился 5 (17) марта 1856 г.');
INSERT INTO answer(picture_id, standard_question_id, text) VALUES (8, 2, 'Михаил Александрович Врубель - русский художник рубежа XIX-XX вв.');
INSERT INTO answer(picture_id, standard_question_id, text) VALUES (8, 3, 'Врубель родился в Омске');
INSERT INTO answer(picture_id, standard_question_id, text) VALUES (8, 4, 'Врубель умер 1/14 апреля 1910 г. Ему было 54 года');
INSERT INTO answer(picture_id, standard_question_id, text) VALUES (8, 5, 'Автор умер и был похоронен в Санкт-Петербурге');
INSERT INTO answer(picture_id, standard_question_id, text) VALUES (8, 6, 'Богоматерь с младенцем (1885)');
INSERT INTO answer(picture_id, standard_question_id, text) VALUES (8, 6, 'Девочка на фоне персидского ковра (1886)');
INSERT INTO answer(picture_id, standard_question_id, text) VALUES (8, 6, 'Принцесса Грёза (1896)');
INSERT INTO answer(picture_id, standard_question_id, text) VALUES (8, 6, 'Демон и Тамара (1891)');
INSERT INTO answer(picture_id, standard_question_id, text) VALUES (8, 6, 'Богоматерь с младенцем (1885)');
INSERT INTO answer(picture_id, standard_question_id, text) VALUES (8, 6, 'Тамара и Демон (1890-1891)');
INSERT INTO answer(picture_id, standard_question_id, text) VALUES (8, 6, 'Демон летящий (1899)');
INSERT INTO answer(picture_id, standard_question_id, text) VALUES (8, 6, 'Демон поверженный (1902)');
INSERT INTO answer(picture_id, standard_question_id, text) VALUES (8, 6, 'Царевна-лебедь (1900)');
INSERT INTO answer(picture_id, standard_question_id, text) VALUES (8, 6, 'Пан (1899)');
INSERT INTO answer(picture_id, standard_question_id, text) VALUES (8, 7, 'Ещё в студенческие годы Михаил Врубель систиматически и глубоко занимался философией и увлёкся теорией эстетики Канта, хотя в то время собственно художеством занимался мало. Младший коллега и почитатель Врубеля, С.Яремич полагал, что Врубель извлёк из философии Канта "ясность расчленения жизни физической от жизни моральной", что с течением времени привело к разделению этих сфер в реальной жизни. Михаил Александрович демонстрировал "мягкость, уступчивость, застенчивость в житейских мелочах дня и железное упорство в деле общего высшего направления жизни".');
INSERT INTO answer(picture_id, standard_question_id, text) VALUES (8, 8, 'Картины Врубеля преисполнены символизма. Согласно В.А. Леняшину, Михаил Александрович смог реализовать символизм как стройную эстетическую и философскую систему в изобразительном искусстве.');
INSERT INTO answer(picture_id, standard_question_id, text) VALUES (8, 9, 'В 1880-1890-е годы творческие искания Врубеля не находили поддержки Академии художеств и критиков искусства, однако его постоянным заказчиком сделался С. И. Мамонтов. «Своим» сделали Врубеля художники и критики, объединившиеся позднее вокруг журнала «Мир искусства», его работы стали постоянно выставлять на экспозициях мирискусников и дягилевских ретроспективах, и в начале ХХ века живопись Врубеля стала органической частью русского модерна. «За известность на художественном поприще» 28 ноября 1905 года ему было присуждено звание академика живописи - как раз к моменту полного прекращения художественной активности.');
INSERT INTO answer(picture_id, standard_question_id, text) VALUES (8, 10, 'С 1897 г. Врубель был женат на известной певице Н. И. Забеле, портреты которой неоднократно писал');
INSERT INTO answer(picture_id, standard_question_id, text) VALUES (8, 11, 'Демон - образ силы человеческого духа, внутренней борьбы, сомнений.');
INSERT INTO answer(picture_id, standard_question_id, text) VALUES (8, 12, 'Трагически сцепив руки, Демон сидит с печальными, направленными вдаль огромными глазами, в окружении невиданных цветов. Фоном картины является горная местность в алом закате. Композиция подчёркивает стеснённость фигуры демоны. ');
INSERT INTO answer(picture_id, standard_question_id, text) VALUES (8, 13, 'Картина написана в индивидуальном стиле Врубеля с эффектом кристаллических граней, что делает его картины более похожими на витражи или панно. Такого эффекта художник добился с помощью плоских мазков, выполненных мастихином.');
INSERT INTO answer(picture_id, standard_question_id, text) VALUES (8, 14, '"Демон сидящий" был написан Врубелем в 1890 г.');
INSERT INTO answer(picture_id, standard_question_id, text) VALUES (8, 15, 'Врубель написал свою картину "Демон сидящий" в Москве в домме Саввы Мамонтова, русского предпринимателя и мецената');
INSERT INTO answer(picture_id, standard_question_id, text) VALUES (8, 16, 'Да! В 1891 г. Михаил Врубель написал тридцать иллюстраций к юбилейному изданию сочинений М. Ю. Лермонтова под редакцией П. П. Кончаловского. Большая часть работ относилась к поэме Лермонтова "Демон". В 1899 г. художник написал картину "Демон летящий", где демон изображеен как могучий властелин мира. В 1901-1902 гг. Врубель дописал свою последнюю работу - "Демон поверженный", в которой герой находится на грани гибели');
INSERT INTO answer(picture_id, standard_question_id, text) VALUES (8, 17, 'Картина "Демон сидящий" некоторое время находилась в коллекции В. О. Гиршмана, русского предпринимателя и мецената. В 1917 г. она поступила в музей. Безусловно, картина известна многим, отчасти благодаря ее связи с произведением М. Ю. Лермонтова');
INSERT INTO answer(picture_id, standard_question_id, text) VALUES (8, 18, 'Фамилия Врубель - польского происхождения (польск. wróbel - воробей), её носители не принадлежали к числу знати');
INSERT INTO answer(picture_id, standard_question_id, text) VALUES (8, 18, 'Михаил Врубель был достаточно слабым ребёнком - он начал ходить только в три года');
INSERT INTO answer(picture_id, standard_question_id, text) VALUES (8, 18, 'После окончания гимназии с золотой медалью ни сам Врубель, ни его родители не помышляли о карьере художника. Было решено отправить его в Петербургский университет для обучения на юридическом факультете, расходы на проживание и пропитание брал на себя Н. Х. Вессель, на квартире которого Врубелю предстояло жить');
INSERT INTO answer(picture_id, standard_question_id, text) VALUES (8, 18, 'М. Врубель не защитил заключительную конкурсную работу и окончил университет в звании действительного студента');
INSERT INTO answer(picture_id, standard_question_id, text) VALUES (8, 18, 'В университетские годы он делал иллюстрации к литературным произведениям — классическим и современным. По определению Н. А. Дмитриевой — «в целом… творчество Врубеля насквозь „литературно“: у него редки произведения, не имеющие литературного или театрального источника»');
INSERT INTO answer(picture_id, standard_question_id, text) VALUES (8, 18, 'С осени 1880 года Врубель стал вольнослушателем Академии и, по-видимому, сразу стал частным образом заниматься в мастерской П. П. Чистякова, регулярные занятия с ним, однако, документируются с 1882 г. Учениками П. П. Чистякова были очень разные художники: И. Е. Репин, В. И. Суриков, В. Д. Поленов, В. М. Васнецов и В. А. Серов. Все они - так же, как и Врубель - признавали его единственным своим учителем, почитая до конца своих дней. Это было непонятно следующему поколению художников, крайне скептически относившихся к академической системе выучки.');
INSERT INTO answer(picture_id, standard_question_id, text) VALUES (8, 18, 'Михаилу Врубелю так и не удалось официально закончить Академии, несмотря на сопутствовавший ему формальный успех: композиция «Обручение Марии с Иосифом» удостоилась весной 1883 г. второй серебряной медали Академии. Осенью 1883 г. профессор А. В. Прахов по рекомендации П. П. Чистякова пригласил Врубеля в Киев для работы над реставрацией Кирилловской церкви XII века. Предложение было лестным и сулило хороший заработок, художник согласился ехать после окончания учебного года');
INSERT INTO answer(picture_id, standard_question_id, text) VALUES (8, 18, 'А. В. Прахов пригласил Врубеля практически случайно: ему требовался квалифицированный для церковных работ живописец с академической выучкой, но при этом недостаточно известный, чтобы обременять сметы работ его гонораром. Судя по письмам родным, контракт с Праховым изначально был рассчитан на написание четырёх икон в срок 76 дней с оплатой в 300 рублей за каждые 24 дня работы');
INSERT INTO answer(picture_id, standard_question_id, text) VALUES (8, 18, 'По воспоминаниям, Врубель киевской весной 1884 г. переживал бурную влюблённость в жену покровителя - Э. Л. Прахову. Её лицо изображено на иконе «Богоматерь c Младенцем», сохранились и многочисленные наброски. Романа возникнуть не могло, но 27-летний художник сделал Эмилию Львовну объектом некоего романтического культа, который поначалу забавлял А. В. Прахова. После переезда Врубеля на дачу Праховых, однако, его привязанность стала раздражать обоих. Выходом стала командировка художника в Италию - в Равенну и Венецию, для изучения сохранившихся там памятников позднеримского и византийского искусства');
INSERT INTO answer(picture_id, standard_question_id, text) VALUES (8, 18, 'Вернувшись из Венеции, весь май и большую часть июня 1885 г. Врубель провёл в Киеве. Ходили слухи, что он немедленно по прибытию сделал предложение Э. Праховой, невзирая на её положение матери семейства, причём, по одной из версий, он объявил о своём намерении жениться на ней даже не самой Эмилии Львовне, а мужу - Адриану Викторовичу. По-видимому, к этому периоду относится инцидент, описанный год спустя подружившимся с Врубелем Константином Коровиным: «Было лето. Жарко. Мы пошли купаться на большой пруд в саду. <…> «Что это у вас на груди белые большие полосы, как шрамы?» - «Да, это шрамы. Я резал себя ножом». <…> «…А всё-таки скажите, Михаил Александрович, что же это такое вы себя резали-то ножом - ведь это должно быть больно. Что это - операция, что ль, как это?» Я посмотрел поближе - да, это были большие белые шрамы, их было много. «Поймёте ли вы, - сказал Михаил Александрович. - Значит, что я любил женщину, она меня не любила - даже любила, но многое мешало её пониманию меня. Я страдал в невозможности объяснить ей это мешающее. Я страдал, но когда резал себя, страдания уменьшались»');
INSERT INTO answer(picture_id, standard_question_id, text) VALUES (8, 18, 'А. В. Прахов однажды заметил, что для росписей Врубеля надо было бы и храм построить «в совершенно особом стиле»');
INSERT INTO answer(picture_id, standard_question_id, text) VALUES (8, 18, 'Душевный кризис художника проявился в следующей истории: явившись однажды к Прахову, где уже собралась компания художников, занятых в росписи собора, Врубель заявил, что скончался его отец, и ему срочно нужно в Харьков. Художники собрали ему денег на дорогу. На следующий день к Прахову прибыл А. М. Врубель. Прахов объяснил ему внезапный отъезд увлечением Михаила некой певицей-англичанкой из кафешантана');
INSERT INTO answer(picture_id, standard_question_id, text) VALUES (8, 18, 'Переезд Врубеля в Москву произошёл случайно, как и многое в его жизни. Вероятнее всего, он приехал в столицу из-за увлечения цирковой наездницей - в мир цирка его ввёл брат И. Ясинского, выступавший под псевдонимом Александр Земгано. В результате Врубель поселился в мастерской К. Коровина на Долгоруковской улице[59]. Возникла даже идея работать втроём - Врубелю, Коровину и В. Серову, - однако отношения с последним не сложились. К. Коровин в результате познакомил Михаила Александровича с предпринимателем и известным меценатом Саввой Мамонтовым. В декабре художник переехал в его дом на Садовой-Спасской улице (ныне дом № 6, строение 2), приглашённый, по выражению В. Домитеевой, «не без внимания к его гувернёрским навыкам». Отношения, впрочем, не всегда были безоблачными: супруга С. Мамонтова совершенно не переносила Врубеля и открыто называла его «богохульником и пьяницей». Вскоре художник переехал на съёмную квартиру.');
INSERT INTO answer(picture_id, standard_question_id, text) VALUES (8, 18, '20 июля 1890 года в Абрамцеве скончался 22-летний А. Мамонтов, проститься с которым поехал друживший с ним Врубель. Художник так и остался в Абрамцеве, где страстно увлёкся керамикой и вскоре с гордостью писал Анне Врубель, что стал руководить «заводом изразцовых и терракотовых декораций»');
INSERT INTO answer(picture_id, standard_question_id, text) VALUES (8, 18, 'Зимой 1892 года Врубель задумал участвовать в Парижском салоне, из чего вырос замысел картины «Снегурочка» (не сохранилась). Е. Г. Мамонтова так вспоминала об этой работе: «Заходили к Врубелю, сделал акварелью голову Снегурочки в натуральную величину на фоне сосны, покрытой снегом. Красиво по краскам, но лицо с флюсом и сердитыми глазами. Оригинально, что ему нужно было приехать в Рим для того, чтобы писать русскую зиму»');
INSERT INTO answer(picture_id, standard_question_id, text) VALUES (8, 18, 'Заботу о похоронах Врубеля взяла на себя Е. Ге, сестра Н. Забелы, жены Врубеля, она же распорядилась снять посмертную маску. 3 апреля состоялись похороны на кладбище Воскресенского Новодевичьего монастыря в Санкт-Петербурге. Единственную речь произнёс Александр Блок, назвав художника «вестником иных миров». А. Блок над могилой Врубеля сказал: «Он оставил нам своих Демонов, как заклинателей против лилового зла, против ночи. Перед тем, что Врубель и ему подобные приоткрывают человечеству раз в столетие, я умею лишь трепетать. Тех миров, которые видели они, мы не видим»');
INSERT INTO answer(picture_id, standard_question_id, text) VALUES (8, 19, 'Интересна, в первую очередь, история создания картины «Демон сидящий». Многие связывают ее с поэмой М. Ю. Лермонтова «Демон» и они правы. М. Врубель нарисовал около 30 иллюстраций к юбилейному изданию сочинений поэта, среди которых - тот самый Демон. Сейчас эта картина находится в Третьяковской галерее, будоражит мысли не одного поколения людей');
INSERT INTO answer(picture_id, standard_question_id, text) VALUES (8, 19, 'Первая параллель, которая приходит в голову всем, кто хоть однажды видел «Демона сидящего» - трагедия Эсхила «Прометей прикованный» - изображенный на картине молодой человек кажется несвободным в собственном теле и жаждет выбраться из него, да вот только не знает как');
INSERT INTO answer(picture_id, standard_question_id, text) VALUES (8, 19, 'Если вы вспомните картины и иконы, которые изображали Бога, Иисуса и Деву Марию, то обратите внимание на то, что в их одеждах преобладают синие цвета или они изображены на фоне голубого неба. Одеяние Демона, на картине, – насыщенного синего цвета, который еще называют цветом «марокканской ночи». Не хотел ли Врубель сказать то, чего не смог сказать Лермонтов, а именно, что Демон все-таки заслужит прощение и вернется на небеса?');
INSERT INTO answer(picture_id, standard_question_id, text) VALUES (8, 19, 'Во все времена именно в такой позе сидел человек, которого изображали задумчивым, печальным и грустным. Позже «позу демона» стали использовать и другие художники, ведь она передает скорбь, всеохватывающую и непреодолимую. Руки его сомкнуты «в замок» - психологи говорят, что так ведут себя замкнутые люди или те, кому есть что скрывать. Эти конечности у Демона не подняты, не уперты в бока, они просто безвольно опущены – он устал от скитаний. Четко прописывает художник развитую мускулатуру молодого человека, его взгляд, развевающиеся черные волосы');
INSERT INTO answer(picture_id, standard_question_id, text) VALUES (8, 19, 'Примечательно, что ясно прорисована сама фигура Демона и цветотени вечернего неба - от фиолетового до пурпурного, с вкраплениями золотого солнца, освещающего горизонт, на заднем плане. Остальная композиция картины имеет некий диссонанс - мазки грубые и расплывчатые, мозаичные и плоские');
INSERT INTO answer(picture_id, standard_question_id, text) VALUES (8, 19, 'Цветы, изображенные на картине, чем-то похожи на кристаллы, в них нет жизни. Многие критики говорят, что это - мертвые анемоны');
INSERT INTO answer(picture_id, standard_question_id, text) VALUES (8, 19, 'Если посмотреть на «Демона сидящего» с дальнего расстояния, то возникает ощущение, что это не картина, а витраж или панно. Для достижения такого эффекта художник работал мастихином, кропотливо подчищая его ножом');
INSERT INTO answer(picture_id, standard_question_id, text) VALUES (8, 19, 'В цветовой гамме картины преобладают темные тона. Небо кровавого цвета, причем лишь оно одно имеет плавные переходы. Все остальные границы - четкие, конкретизированные. Ряд цветов «черный - красный - голубой» говорит о некой опасности, ведь само слово «демон» заставляет настораживаться многих. Демонов считают беспощадными, а врубелевский герой изображен светлыми оттенками пастели с подчеркнуто темными линиями, его одежды насыщенного оттенка, - так художник демонстрирует двойственность героя');
INSERT INTO answer(picture_id, standard_question_id, text) VALUES (8, 19, 'Размеры холста, на котором изображен Демон, нестандартны для того времени - картина продолговатая, неудобная и тесная. На самом деле, это один из художественных приемов Врубеля - все должно подчеркивать внешнюю и внутреннюю скованность героя, и передавать то самое лермонтовское «ни день, ни ночь, ни мрак, ни свет»');
INSERT INTO answer(picture_id, standard_question_id, text) VALUES (8, 19, 'После того, как открылась выставка, приуроченная к юбилею творчества М. Лермонтова, М. Врубель закрылся в своей мастерской и продолжал работать над картинами о демонах. Живописец утверждал, что Демон изменялся не только под мазками его кисти, но и являлся ему вживую. Что ж, художник боролся с падшим и изгнанным ангелом, и неизвестно, кто вышел из этой войны победителем');
